{"cameraMode":{"drawMode":0,"name":"Shaded","section":"Shading Mode"},"sceneLighting":true,"audioPlay":false,"sceneViewState":{"m_AlwaysRefresh":false,"showFog":true,"showSkybox":true,"showFlares":true,"showImageEffects":true,"showParticleSystems":true,"showVisualEffectGraphs":true,"m_FxEnabled":true},"in2DMode":false,"pivot":{"x":-0.5403555035591126,"y":2.109489917755127,"z":-21.983570098876954},"rotation":{"x":-0.13080497086048127,"y":0.26288658380508425,"z":-0.036193348467350009,"w":-0.9553655385971069},"size":3.223384380340576,"orthographic":false}